<?xml version="1.0" encoding="ISO-8859-1"?>
<quinielista>
<porcentajes jornada="12" temporada="2008" activo="si" >
	<partido num="1" local="AT.MADRID" visitante="SEVILLA" porc_1="42.03" porc_X="30.68" porc_2="27.29"  />
	<partido num="2" local="VILLARREAL" visitante="LEVANTE" porc_1="83.95" porc_X="10.13" porc_2="5.91"  />
	<partido num="3" local="ALMER�A" visitante="ZARAGOZA" porc_1="29.32" porc_X="30.14" porc_2="40.55"  />
	<partido num="4" local="VALLADOLID" visitante="BARCELONA" porc_1="10.63" porc_X="18.02" porc_2="71.35"  />
	<partido num="5" local="BETIS" visitante="OSASUNA" porc_1="44.3" porc_X="33.56" porc_2="22.13"  />
	<partido num="6" local="GETAFE" visitante="ATH.BILBAO" porc_1="42.82" porc_X="33.25" porc_2="23.94"  />
	<partido num="7" local="RECREATIVO" visitante="R�CING" porc_1="38.57" porc_X="33.64" porc_2="27.78"  />
	<partido num="8" local="ESPANYOL" visitante="MURCIA" porc_1="73.66" porc_X="17.28" porc_2="9.06"  />
	<partido num="9" local="VALENCIA" visitante="R.MADRID" porc_1="33.86" porc_X="29.1" porc_2="37.04"  />
	<partido num="10" local="FIORENTINA" visitante="NAPOLES" porc_1="47.79" porc_X="33.83" porc_2="18.38"  />
	<partido num="11" local="INTER M." visitante="GENOVA" porc_1="87.9" porc_X="9.03" porc_2="3.07"  />
	<partido num="12" local="PALERMO" visitante="PARMA" porc_1="47.6" porc_X="34.53" porc_2="17.88"  />
	<partido num="13" local="ROMA" visitante="LAZIO" porc_1="66.74" porc_X="21.92" porc_2="11.34"  />
	<partido num="14" local="SAMPDORIA" visitante="MILAN" porc_1="24.27" porc_X="32.03" porc_2="43.7"  />
	<partido num="15" local="DEPORTIVO" visitante="MALLORCA" porc_1="36.58" porc_X="38.52" porc_2="24.9"  />
</porcentajes>
</quinielista>
