<?xml version="1.0" encoding="ISO-8859-1"?>
<quinielista>
<porcentajes jornada="14" temporada="2008" activo="si" >
	<partido num="1" local="LIVERPOOL" visitante="BESIKTAS" porc_1="68.21" porc_X="20.85" porc_2="10.94"  />
	<partido num="2" local="OPORTO" visitante="OL. MARSELLA" porc_1="45.11" porc_X="32.91" porc_2="21.97"  />
	<partido num="3" local="VALENCIA" visitante="ROSENBORG" porc_1="73" porc_X="18.75" porc_2="8.25"  />
	<partido num="4" local="SCHALKE 04" visitante="CHELSEA" porc_1="23.07" porc_X="32.45" porc_2="44.48"  />
	<partido num="5" local="LAZIO" visitante="WERDER BREMEN" porc_1="39.28" porc_X="29" porc_2="31.72"  />
	<partido num="6" local="OLYMPIAKOS" visitante="R.MADRID" porc_1="27.02" porc_X="30.06" porc_2="42.92"  />
	<partido num="7" local="CELTIC" visitante="BENFICA" porc_1="42.1" porc_X="31.92" porc_2="25.99"  />
	<partido num="8" local="SHAKHTAR" visitante="MILAN" porc_1="21.87" porc_X="31.24" porc_2="46.89"  />
	<partido num="9" local="OL. LYON" visitante="STTUTGART" porc_1="61.98" porc_X="24.68" porc_2="13.34"  />
	<partido num="10" local="BARCELONA" visitante="GLASGOW R." porc_1="91.01" porc_X="6.65" porc_2="2.34"  />
	<partido num="11" local="MANCHESTER UN" visitante="DINAMO KIEV" porc_1="89.93" porc_X="6.87" porc_2="3.2"  />
	<partido num="12" local="SP�RTING" visitante="ROMA" porc_1="31.15" porc_X="36.07" porc_2="32.78"  />
	<partido num="13" local="INTER M." visitante="CSKA MOSCU" porc_1="82.08" porc_X="12.86" porc_2="5.05"  />
	<partido num="14" local="STEAUA" visitante="SEVILLA" porc_1="21.8" porc_X="29.84" porc_2="48.36"  />
	<partido num="15" local="SLAVIA P." visitante="ARSENAL" porc_1="8.08" porc_X="15.09" porc_2="76.83"  />
</porcentajes>
</quinielista>
