<?xml version="1.0" encoding="ISO-8859-1"?>
<quinielista>
<porcentajes jornada="18" temporada="2008" activo="si" >
	<partido num="1" local="STTUTGART" visitante="GLASGOW R." porc_1="35.33" porc_X="30.12" porc_2="34.55"  />
	<partido num="2" local="OL. LYON" visitante="BARCELONA" porc_1="30.57" porc_X="29.61" porc_2="39.82"  />
	<partido num="3" local="DINAMO KIEV" visitante="ROMA" porc_1="17.81" porc_X="31.2" porc_2="50.99"  />
	<partido num="4" local="MANCHESTER UN" visitante="SP LISBOA" porc_1="82.83" porc_X="11.74" porc_2="5.43"  />
	<partido num="5" local="INTER M." visitante="FENERBAHCE" porc_1="74.76" porc_X="17.75" porc_2="7.49"  />
	<partido num="6" local="SEVILLA" visitante="ARSENAL" porc_1="43.6" porc_X="30.33" porc_2="26.07"  />
	<partido num="7" local="STEAUA" visitante="SLAVIA P." porc_1="36.89" porc_X="30.92" porc_2="32.19"  />
	<partido num="8" local="BESIKTAS" visitante="OL. MARSELLA" porc_1="33.65" porc_X="31.94" porc_2="34.41"  />
	<partido num="9" local="LIVERPOOL" visitante="OPORTO" porc_1="76.81" porc_X="14.65" porc_2="8.53"  />
	<partido num="10" local="ROSENBORG" visitante="CHELSEA" porc_1="25.05" porc_X="31.09" porc_2="43.86"  />
	<partido num="11" local="VALENCIA" visitante="SCHALKE 04" porc_1="71.62" porc_X="16.42" porc_2="11.97"  />
	<partido num="12" local="WERDER BREMEN" visitante="R.MADRID" porc_1="23.65" porc_X="30.41" porc_2="45.94"  />
	<partido num="13" local="LAZIO" visitante="OLYMPIAKOS" porc_1="53.38" porc_X="29.99" porc_2="16.63"  />
	<partido num="14" local="BENFICA" visitante="MILAN" porc_1="23.35" porc_X="32.19" porc_2="44.46"  />
	<partido num="15" local="CELTIC" visitante="SHAKHTAR" porc_1="77.33" porc_X="16.58" porc_2="6.09"  />
</porcentajes>
</quinielista>
