<?xml version="1.0" encoding="ISO-8859-1"?>
<quinielista>
<porcentajes jornada="20" temporada="2001" activo="no" >
	<partido num="1" porc_1="0" porc_X="0" porc_2="0"  />
	<partido num="2" porc_1="0" porc_X="0" porc_2="0"  />
	<partido num="3" porc_1="0" porc_X="0" porc_2="0"  />
	<partido num="4" porc_1="0" porc_X="0" porc_2="0"  />
	<partido num="5" porc_1="0" porc_X="0" porc_2="0"  />
	<partido num="6" porc_1="0" porc_X="0" porc_2="0"  />
	<partido num="7" porc_1="0" porc_X="0" porc_2="0"  />
	<partido num="8" porc_1="0" porc_X="0" porc_2="0"  />
	<partido num="9" porc_1="0" porc_X="0" porc_2="0"  />
	<partido num="10" porc_1="0" porc_X="0" porc_2="0"  />
	<partido num="11" porc_1="0" porc_X="0" porc_2="0"  />
	<partido num="12" porc_1="0" porc_X="0" porc_2="0"  />
	<partido num="13" porc_1="0" porc_X="0" porc_2="0"  />
	<partido num="14" porc_1="0" porc_X="0" porc_2="0"  />
	<partido num="15" porc_1="0" porc_X="0" porc_2="0"  />
</porcentajes>
</quinielista>
