<?xml version="1.0" encoding="ISO-8859-1"?>
<quinielista>
<porcentajes jornada="6" temporada="2008" activo="si" >
	<partido num="1" local="BARCELONA" visitante="ZARAGOZA" porc_1="73.92" porc_X="17.2" porc_2="8.88"  />
	<partido num="2" local="OSASUNA" visitante="LEVANTE" porc_1="55.65" porc_X="26.45" porc_2="17.9"  />
	<partido num="3" local="R�CING" visitante="VILLARREAL" porc_1="31.4" porc_X="32.02" porc_2="36.58"  />
	<partido num="4" local="MURCIA" visitante="ALMER�A" porc_1="41.33" porc_X="33.83" porc_2="24.84"  />
	<partido num="5" local="MALLORCA" visitante="VALLADOLID" porc_1="44.47" porc_X="31.75" porc_2="23.78"  />
	<partido num="6" local="R.MADRID" visitante="BETIS" porc_1="84.18" porc_X="10.37" porc_2="5.45"  />
	<partido num="7" local="VALENCIA" visitante="GETAFE" porc_1="69.42" porc_X="21.15" porc_2="9.44"  />
	<partido num="8" local="DEPORTIVO" visitante="RECREATIVO" porc_1="44.79" porc_X="31.24" porc_2="23.97"  />
	<partido num="9" local="SEVILLA" visitante="ESPANYOL" porc_1="64.79" porc_X="21.55" porc_2="13.66"  />
	<partido num="10" local="FIORENTINA" visitante="ROMA" porc_1="27.61" porc_X="34.97" porc_2="37.43"  />
	<partido num="11" local="INTER" visitante="SAMPDORIA" porc_1="68.43" porc_X="22" porc_2="9.57"  />
	<partido num="12" local="LAZIO" visitante="CAGLIARI" porc_1="48.09" porc_X="32.8" porc_2="19.11"  />
	<partido num="13" local="PALERMO" visitante="MILAN" porc_1="22.68" porc_X="33.56" porc_2="43.76"  />
	<partido num="14" local="PARMA" visitante="TORINO" porc_1="41.99" porc_X="34.4" porc_2="23.61"  />
	<partido num="15" local="ATH.BILBAO" visitante="AT.MADRID" porc_1="22.04" porc_X="41.3" porc_2="36.66"  />
</porcentajes>
</quinielista>
